{"batch_loss":4.420376300811768,"_timestamp":1.7332472594021077e+09,"_runtime":7.6070246,"_step":39,"epoch":20,"epoch_loss":4.420376300811768,"_wandb":{"runtime":7}}