{"_step":99,"epoch_loss":2.361236333847046,"epoch":50,"_wandb":{"runtime":22},"batch_loss":2.361236333847046,"_timestamp":1.7332483056817102e+09,"_runtime":22.2270593}