{"_step":19,"batch_loss":6.30184268951416,"epoch":10,"epoch_loss":6.30184268951416,"_wandb":{"runtime":8},"_timestamp":1.7332482129590726e+09,"_runtime":8.7793804}