{"_step":99,"epoch":50,"epoch_loss":3.4256749153137207,"_wandb":{"runtime":36},"batch_loss":3.4256749153137207,"_timestamp":1.7332473135517006e+09,"_runtime":36.345203}