{"batch_loss":9.187273025512695,"_timestamp":1.7332345903736055e+09,"_runtime":44.3269958,"_step":5,"epoch":3,"epoch_loss":9.187273025512695,"_wandb":{"runtime":44}}