{"epoch_loss":8.422652244567871,"_wandb":{"runtime":10},"batch_loss":8.422652244567871,"_timestamp":1.7332467752971725e+09,"_runtime":10.3893214,"_step":5,"epoch":3}