{"_runtime":2680.1692134,"_step":19,"batch_loss":1.4824440479278564,"_timestamp":1.7332520114443798e+09,"epoch":10,"epoch_loss":0.8845923554152251,"_wandb":{"runtime":2680}}