{"_timestamp":1.7332472171309178e+09,"_runtime":9.2408833,"_step":19,"epoch":10,"epoch_loss":5.48356294631958,"_wandb":{"runtime":9},"batch_loss":5.48356294631958}