{"batch_loss":1.9288711547851562,"_timestamp":1.7332415007096298e+09,"_runtime":502.2229273,"_step":39,"epoch":10,"epoch_loss":1.8273146152496338,"val_loss":0.24098481237888336,"_wandb":{"runtime":502}}