{"_step":139,"epoch":10,"epoch_loss":0.4714681093509381,"_wandb":{"runtime":5119},"batch_loss":0.4925462603569031,"_timestamp":1.7332397589680843e+09,"_runtime":5119.670011}